id,job_title,job_url,description,resume_date,salary_range,created_at,updated_at,salary_range_id
1,Senior Full Stack Engineer,https://job-boards.eu.greenhouse.io/polyai/jobs/4669020101,,,,2025-11-11 11:22:46+00,2025-11-11 11:22:46+00,
2,Founding Solutions Engineer,https://www.ycombinator.com/companies/crustdata/jobs/Bdu5Rez-founding-solutions-engineer,,,,2025-11-11 11:22:46+00,2025-11-11 11:22:46+00,
3,IT Automation and Monitoring Engineer,,,,,2025-11-11 11:22:46+00,2025-11-11 11:22:46+00,
4,solutions engineer,,,,,2025-11-11 11:22:46+00,2025-11-11 11:22:46+00,
5,technical solutions consultant,,,,,2025-11-11 11:22:46+00,2025-11-11 11:22:46+00,
6,tech solutions engineer,,,,,2025-11-11 11:22:46+00,2025-11-11 11:22:46+00,
7,Software Engineer II,https://careers.onepeloton.com/en/all-jobs/7360532/software-engineer-ii/?gh_jid=7360532&utm_source=startup.jobs&utm_medium=organic#apply-now,,,,2025-11-11 11:22:46+00,2025-11-11 11:22:46+00,
8,Software Engineer,https://careers.onepeloton.com/en/all-jobs/7360403/software-engineer/?gh_jid=7360403&utm_source=startup.jobs&utm_medium=organic#apply-now,,,,2025-11-11 11:22:46+00,2025-11-11 11:22:46+00,
9,Senior Software Engineer,https://job-boards.greenhouse.io/consumeredge/jobs/5688362004,,,,2025-11-11 11:22:46+00,2025-11-11 11:22:46+00,
10,"Senior Software Engineer, Online Booking",https://startup.jobs/senior-software-engineer-online-booking-zocdoc-7414445,,,,2025-11-11 11:22:46+00,2025-11-11 11:22:46+00,
11,"Senior Software Engineer, Consumer Experience",https://startup.jobs/sr-software-engineer-consumer-experience-quizlet-7414960,,,,2025-11-11 11:22:46+00,2025-11-11 11:22:46+00,
12,"Senior Software Engineer, Wallet Core",https://job-boards.greenhouse.io/bitgo/jobs/8231309002?utm_source=startup.jobs&utm_medium=organic#application_form,,,,2025-11-11 11:22:46+00,2025-11-11 11:22:46+00,
13,Senior Software Engineer,https://www.hicapitalize.com/careers/opportunity/?gh_jid=5690067004&utm_source=startup.jobs&utm_medium=organic#application_form,,,,2025-11-11 11:22:46+00,2025-11-11 11:22:46+00,
14,Senior Software Engineer,https://startup.jobs/senior-software-engineer-vestwell-2-7419853,,,,2025-11-11 11:22:46+00,2025-11-11 11:22:46+00,
15,founding engineer,https://getvesto.notion.site/Founding-Full-stack-Engineer-Vesto-4d579a18be674538878556b4c6c417af,,,,2025-11-11 11:22:46+00,2025-11-11 11:22:46+00,
16,web engineer,https://www.indeed.com/viewjob?jk=9433960d325f0eb9&from=shareddesktop_copy,,,,2025-11-11 11:22:46+00,2025-11-11 11:22:46+00,
17,Solutions Architect,https://www.idealist.org/en/nonprofit-job/973347ef524747a6a3a449ae7703c850-solutions-architect-the-bronx-defenders-bronx#apply,,,,2025-11-11 11:22:46+00,2025-11-11 11:22:46+00,
18,Solution Architect,https://careers.hvcu.org/jobs/5104?lang=en-us,,,,2025-11-11 11:22:46+00,2025-11-11 11:22:46+00,
19,Sr Cloud Engineer,https://careers-hvcu.icims.com/jobs/5076/sr-cloud-engineer/job?mode=submit_apply,,,,2025-11-11 11:22:46+00,2025-11-11 11:22:46+00,
20,Software Engineer,https://ibmglobal.avature.net/en_US/careers/JobDetailApplied?jobId=33412&qtvc=059fae09d7a632343173d9226a89954915999ac31c625c4e9212583bb337a762,,,,2025-11-11 11:22:46+00,2025-11-11 11:22:46+00,
21,"Software Engineer, Fullstack",https://jobs.lever.co/pryon/15412b82-8bf6-4b25-820d-9f129828d796?lever-source=Otta,,,,2025-11-11 11:22:46+00,2025-11-11 11:22:46+00,
22,Senior or Staff Software Engineer,,,,,2025-11-11 11:22:46+00,2025-11-11 11:22:46+00,
23,Senior Software Engineer,,,,,2025-11-11 11:22:46+00,2025-11-11 11:22:46+00,
24,Senior Software Engineer,,,,,2025-11-11 11:22:46+00,2025-11-11 11:22:46+00,
25,Senior Software Engineer,,,,,2025-11-11 11:22:46+00,2025-11-11 11:22:46+00,
26,Senior Software Engineer,,,,,2025-11-11 11:22:46+00,2025-11-11 11:22:46+00,
27,Full Stack Engineer,,,,,2025-11-11 11:22:46+00,2025-11-11 11:22:46+00,
28,Senior Software Engineer,,,,,2025-11-11 11:22:46+00,2025-11-11 11:22:46+00,
29,Senior Software Engineer,,,,,2025-11-11 11:22:46+00,2025-11-11 11:22:46+00,
30,Senior Software Engineer,,,,,2025-11-11 11:22:46+00,2025-11-11 11:22:46+00,
31,Senior Software Engineer,,,,,2025-11-11 11:22:46+00,2025-11-11 11:22:46+00,
32,Staff Software Engineer,,,,,2025-11-11 11:22:46+00,2025-11-11 11:22:46+00,
33,Full Stack Engineer,,,,,2025-11-11 11:22:46+00,2025-11-11 11:22:46+00,
34,Software Enginer II,,,,,2025-11-11 11:22:46+00,2025-11-11 11:22:46+00,
35,Senior Software Engineer,,,,,2025-11-11 11:22:46+00,2025-11-11 11:22:46+00,
36,Founding Senior Full-Stack Engineer,,,,,2025-11-11 11:22:46+00,2025-11-11 11:22:46+00,
38,Senior Software Engineer,,,,,2025-11-11 11:22:46+00,2025-11-11 11:22:46+00,
39,Full Stack Engineer,,,,,2025-11-11 11:22:46+00,2025-11-11 11:22:46+00,
40,Full Stack Engineer,,,,,2025-11-11 11:22:46+00,2025-11-11 11:22:46+00,
41,Senior Software Engineer,,,,,2025-11-11 11:22:46+00,2025-11-11 11:22:46+00,
42,Senior Software Engineer (AI),,,,,2025-11-11 11:22:46+00,2025-11-11 11:22:46+00,
43,Senior Software Engineer,,,,,2025-11-11 11:22:46+00,2025-11-11 11:22:46+00,
44,Senior Software Engineer,,,,,2025-11-11 11:22:46+00,2025-11-11 11:22:46+00,
45,"Senior Software Engineer, Full Stack",,,,,2025-11-11 11:22:46+00,2025-11-11 11:22:46+00,
46,Senior Software Engineer,,,,,2025-11-11 11:22:46+00,2025-11-11 11:22:46+00,
48,Senior Full Stack Engineer,,,,,2025-11-11 11:22:46+00,2025-11-11 11:22:46+00,
49,Full Stack Engineer,https://miro.com/careers/vacancy/8013376002/,,,,2025-11-11 11:22:46+00,2025-11-11 11:22:46+00,
50,Mid Level App Developer,,,,,2025-11-11 11:22:46+00,2025-11-11 11:22:46+00,
51,Software Engineer - Full Stack,https://jobs.ashbyhq.com/airgoods/036e4ed9-9c41-4aaa-9219-3851fb02f8e3,,,,2025-11-11 11:22:46+00,2025-11-11 11:22:46+00,
52,Technical Integration Engineer,https://jobs.ashbyhq.com/method/5dde1ef0-4df6-4209-a60c-f966d446320b,,2025-11-03 00:00:00+00,,2025-11-11 11:22:46+00,2025-11-11 11:22:46+00,
53,Senior Fullstack Engineer,https://jobs.ashbyhq.com/clarion/acc28862-14e1-43bd-bfc8-449af1fa283a,,2025-11-03 00:00:00+00,,2025-11-11 11:22:46+00,2025-11-11 11:22:46+00,
54,Senior Fullstack Engineer,https://job-boards.greenhouse.io/peregrinetechnologies/jobs/4580135005?gh_src=gwf63pot5us,,2025-11-03 00:00:00+00,,2025-11-11 11:22:46+00,2025-11-11 11:22:46+00,
55,Product Engineer,https://www.idealist.org/en/consultant-job/e3d9c6b05c5c427c82f419397db8fa9f-product-engineer-jacobson-consulting-applications-new-york,,,,2025-11-11 11:22:46+00,2025-11-11 11:22:46+00,
56,"Sr Director, Engineering",https://job-boards.greenhouse.io/datakindinc/jobs/6586200003?utm_medium=referral&utm_source=idealist,,,,2025-11-11 11:22:46+00,2025-11-11 11:22:46+00,
57,"Technical Lead, Full Stack Engineer",https://apply.workable.com/friends-from-the-city/j/B442D71A20/,,,,2025-11-11 11:22:46+00,2025-11-11 11:22:46+00,
58,Backend Software Engineer,https://jobs.lever.co/contentsquare/048f9fc4-0b8f-4da2-9388-51751c9721d7,,,,2025-11-11 11:22:46+00,2025-11-11 11:22:46+00,
59,Senior Web Project Manager,,,,,2025-11-11 11:22:46+00,2025-11-11 11:22:46+00,
60,Senior Software Engineer - Fullstack,https://job-boards.greenhouse.io/braze/jobs/7365359?gh_jid=7365359,,2025-11-03 00:00:00+00,,2025-11-11 11:22:46+00,2025-11-11 11:22:46+00,
61,"Staff Full Stack Engineer, Software Composition Analysis",https://job-boards.greenhouse.io/semgrep/jobs/4961381007,,2025-11-03 00:00:00+00,,2025-11-11 11:22:46+00,2025-11-11 11:22:46+00,
62,Software Engineer (Execution Focused),https://replicainc.applytojob.com/apply/confirm/7njkiRsLA2,,2025-11-03 00:00:00+00,,2025-11-11 11:22:46+00,2025-11-11 11:22:46+00,
63,Lead Software Engineer (BFF),https://hiring.cafe/viewjob/86wick766qbckbdc,,2025-11-03 00:00:00+00,,2025-11-11 11:22:46+00,2025-11-11 11:22:46+00,
64,Senior Software Engineer API,https://jobs.ashbyhq.com/deepl/f4cdb92c-524a-425a-b04b-720d21c6ba86,,2025-11-03 00:00:00+00,,2025-11-11 11:22:46+00,2025-11-11 11:22:46+00,
65,Premium Support Engineer,https://jobs.ashbyhq.com/replit/7dae8c96-d8ff-42be-a099-8f370c1db3db,,2025-11-03 00:00:00+00,,2025-11-11 11:22:46+00,2025-11-11 11:22:46+00,
66,"Staff Software Engineer, Security, Risk & Fraud",https://navan.com/careers/openings/7379198?gh_jid=7379198,,2025-11-05 00:00:00+00,,2025-11-11 11:22:46+00,2025-11-11 11:22:46+00,
67,Senior Software Engineer Sessions (Auth0),https://www.okta.com/company/careers/engineering/senior-software-engineer-sessions-auth0-7302752/,,2025-11-05 00:00:00+00,,2025-11-11 11:22:46+00,2025-11-11 11:22:46+00,
68,Full Stack Engineer,https://job-boards.greenhouse.io/melio/jobs/7174896003,,2025-11-05 00:00:00+00,,2025-11-11 11:22:46+00,2025-11-11 11:22:46+00,
69,AI Software Developer,https://www.xogene.com/careers#job-2263505,,2025-11-05 00:00:00+00,,2025-11-11 11:22:46+00,2025-11-11 11:22:46+00,
70,Senior Backend Engineer,https://jobs.ashbyhq.com/patreon/392fa521-141c-4b1d-b5e6-01b1d60be3e2,,2025-11-05 00:00:00+00,,2025-11-11 11:22:46+00,2025-11-11 11:22:46+00,
71,Software Engineer,https://dowjones.wd1.myworkdayjobs.com/New_York_Post_Careers/job/NYC---1211-Ave-of-the-Americas/Software-Engineer_Job_Req_50029,,2025-11-05 00:00:00+00,,2025-11-11 11:22:46+00,2025-11-11 11:22:46+00,
72,"Member of the Technical Staff, TypeScript Engineer (Principal)",https://jobs.ashbyhq.com/inkeep/7bf64445-f811-4e05-8ad1-06549299597f,,2025-11-05 00:00:00+00,,2025-11-11 11:22:46+00,2025-11-11 11:22:46+00,
73,Software Engineer,https://amplify.wd1.myworkdayjobs.com/en-US/Amplify_Careers/details/Software-Engineer_Req_12320,,2025-11-05 00:00:00+00,,2025-11-11 11:22:46+00,2025-11-11 11:22:46+00,
74,Full Stack Software Engineer,https://jobs.ashbyhq.com/siro/3eb43837-5422-4c93-88ae-efb3fbb6f37c,,2025-11-05 00:00:00+00,,2025-11-11 11:22:46+00,2025-11-11 11:22:46+00,
75,"Software Engineer, Fullstack",https://jobs.ashbyhq.com/joinarc/7a975960-40f5-4ae4-b96b-6d9046dc2d1d,,2025-11-05 00:00:00+00,,2025-11-11 11:22:46+00,2025-11-11 11:22:46+00,
76,"Senior Software Engineer, Backend",https://job-boards.greenhouse.io/courierhealth/jobs/4737873007,,2025-11-05 00:00:00+00,,2025-11-11 11:22:46+00,2025-11-11 11:22:46+00,
77,eCommerce Integration Specialist,,,,,2025-11-11 11:22:46+00,2025-11-11 11:22:46+00,
78,Software Engineer,https://jobs.lever.co/regrello/3ec9f439-0700-453a-b33b-568c9ef15571,,2025-11-05 00:00:00+00,,2025-11-11 11:22:46+00,2025-11-11 11:22:46+00,
79,Software Engineer,https://apply.workable.com/rokt/j/59FE73F3A9/,,2025-11-05 00:00:00+00,,2025-11-11 11:22:46+00,2025-11-11 11:22:46+00,
80,CRM Developer/Consultant,,,,,2025-11-11 11:22:46+00,2025-11-11 11:22:46+00,
81,"Senior Software Engineer, Core Product",https://jobs.ashbyhq.com/baseten/ebbcec9f-e147-4bef-a181-0b89045c1ec1,,2025-11-05 00:00:00+00,,2025-11-11 11:22:46+00,2025-11-11 11:22:46+00,
82,"Senior Software Engineer, Full-Stack - Enterprise Gen AI",https://job-boards.greenhouse.io/scaleai/jobs/4529529005#app,,,,2025-11-11 11:22:46+00,2025-11-11 11:22:46+00,
83,"Backend Software Engineer, Netcore",https://job-boards.greenhouse.io/viamrobotics/jobs/5587594004,,2025-11-05 00:00:00+00,,2025-11-11 11:22:46+00,2025-11-11 11:22:46+00,
84,"Senior Software Engineer, Backend",https://ats.rippling.com/hearth-careers/jobs/83471fcd-a0ec-4d7e-a994-2e1cffbc9f15,,2025-11-05 00:00:00+00,,2025-11-11 11:22:46+00,2025-11-11 17:39:18+00,
85,Senior Software Engineer,https://careers.datadoghq.com/detail/3851935/?gh_jid=3851935,,2025-11-05 00:00:00+00,,2025-11-11 11:22:46+00,2025-11-11 23:02:42+00,
86,Senior Software Engineer,https://jobs.lever.co/logrocket/0aa8b60f-1a74-4e53-b23a-8d5dc7c497a8,,2025-11-05 00:00:00+00,,2025-11-11 11:22:46+00,2025-11-11 11:22:46+00,
87,Backend Software Engineer,https://jobs.ashbyhq.com/tennr/9aae43bf-3303-468e-aae0-038b7fb395f3,,2025-11-05 00:00:00+00,,2025-11-11 11:22:46+00,2025-11-11 11:22:46+00,
88,Senior Software Engineer,https://portfoliojobs.tcv.com/companies/peloton-3/jobs/55997056-senior-software-engineer,,,,2025-11-11 11:22:46+00,2025-11-11 11:22:46+00,
89,Lead Software Engineer,https://careers.paramount.com/job/New-York-Lead-Software-Engineer-NY-10036/1306410600/,,,,2025-11-11 11:22:46+00,2025-11-11 11:22:46+00,
90,Software Engineer - Full Stack,https://jobs.lever.co/modernlife/48ab78f8-a264-4960-9fb1-b2e8f8a52b3a,,,,2025-11-11 11:22:46+00,2025-11-11 11:22:46+00,
91,Senior Software Engineer,,,,,2025-11-11 11:22:46+00,2025-11-11 11:22:46+00,
92,Software Engineer,,,,,2025-11-11 11:22:46+00,2025-11-11 11:22:46+00,
93,Founding Engineer,,,,,2025-11-11 11:22:46+00,2025-11-11 11:22:46+00,
94,"Software Engineer, INtegrations",,,,,2025-11-11 11:22:46+00,2025-11-11 11:22:46+00,
95,Software Engineer,,,,,2025-11-11 11:22:46+00,2025-11-11 11:22:46+00,
96,Fullstack Engineer,https://www.adonis.io/job?gh_jid=4247324007,,2025-11-05 00:00:00+00,,2025-11-11 11:22:46+00,2025-11-11 11:22:46+00,
97,Software Engineer - All levels,https://job-boards.greenhouse.io/glossgenius/jobs/6681936003,,2025-11-05 00:00:00+00,,2025-11-11 11:22:46+00,2025-11-11 11:22:46+00,
98,Senior Software Engineer,https://jobs.ashbyhq.com/graphite/81900333-3f22-442c-9b0d-b8c52a928ff3,,2025-11-05 00:00:00+00,,2025-11-11 11:22:46+00,2025-11-11 11:22:46+00,
99,Software Engineer,https://jobs.ashbyhq.com/graphite/5379d006-abe5-4fbf-a459-4928245da6bb,,2025-11-05 00:00:00+00,,2025-11-11 11:22:46+00,2025-11-11 11:22:46+00,
100,Solutions Engineer,https://jobs.ashbyhq.com/tavus/6aefde62-2113-40c2-ac36-14da660bd6a3,,2025-11-05 00:00:00+00,,2025-11-11 11:22:46+00,2025-11-11 11:22:46+00,
101,Senior Software Engineer,https://shiftsmart.com/apply?ashby_jid=d7e843aa-0f1d-4c8f-a430-ffb0320aa02b#jobs,,2025-11-05 00:00:00+00,,2025-11-11 11:22:46+00,2025-11-11 11:22:46+00,
102,"Senior Software Engineer, Product",https://jobs.ashbyhq.com/persona/3859c7d2-071f-42a0-b585-258ab3854242?locationId=8963f399-144b-4d2a-b755-9b7279944cb4,,2025-11-05 00:00:00+00,,2025-11-11 11:22:46+00,2025-11-11 11:22:46+00,
103,Full-Stack Software Engineer,https://versana.io/career-opportunities/,,2025-11-05 00:00:00+00,,2025-11-11 11:22:46+00,2025-11-11 11:22:46+00,
104,"Lead Software Engineer, Product",https://jobs.lever.co/torchdental/0d558379-9450-4c54-b282-4b3cc91f7fe4,,2025-11-05 00:00:00+00,,2025-11-11 11:22:46+00,2025-11-11 11:22:46+00,
106,Solutions Engineer,https://jobs.gem.com/superblocks/4024365005,,2025-11-05 00:00:00+00,,2025-11-11 11:22:46+00,2025-11-11 11:22:46+00,
107,Founding Backend Engineer,https://jobs.ashbyhq.com/meridian/5bc5c0de-080f-4796-b3a9-6f5139abd671,,2025-11-05 00:00:00+00,,2025-11-11 11:22:46+00,2025-11-11 11:22:46+00,
108,"Senior Software Engineer, CoreApp",https://jobs.ashbyhq.com/axionray/9b7060af-0dcd-4b67-bbd1-05b4ffe94917,,2025-11-05 00:00:00+00,,2025-11-11 11:22:46+00,2025-11-11 11:22:46+00,
109,"Software Engineer, Fullstack, CoreApp",https://jobs.ashbyhq.com/axionray/0f5a3255-339b-4532-9fef-a33809477553,,2025-11-05 00:00:00+00,,2025-11-11 11:22:46+00,2025-11-11 11:22:46+00,
110,Senior Software Engineer - Backend,https://job-boards.greenhouse.io/sigmacomputing/jobs/7523613003,,2025-11-05 00:00:00+00,,2025-11-11 11:22:46+00,2025-11-11 11:22:46+00,
111,"Experienced Software Engineer, Systems",https://www.hudsonrivertrading.com/hrt-job/experienced-software-engineer-systems-5/?gh_src=ca07bf8d1us,,2025-11-05 00:00:00+00,,2025-11-11 11:22:46+00,2025-11-11 11:22:46+00,
112,"Senior Application Developer, Optimizely Expert",https://www.american-equity.com/about/careers/openings?gh_jid=4800008007&gh_src=4pb0emxe7us,,2025-11-05 00:00:00+00,,2025-11-11 11:22:46+00,2025-11-11 11:22:46+00,
113,Senior Software Engineer,https://www.squarespace.com/careers/jobs/7243239,,2025-11-05 00:00:00+00,,2025-11-11 11:22:46+00,2025-11-11 11:22:46+00,
114,API/Backend Software Engineer,https://www.particlehealth.com/careers-jobs?gh_jid=5596514004,,2025-11-11 00:00:00+00,,2025-11-11 11:22:46+00,2025-11-11 11:22:46+00,
115,Senior Software Engineer,https://apply.workable.com/lithos/j/5E5DAFE1E5/,,2025-11-11 00:00:00+00,,2025-11-11 11:22:46+00,2025-11-11 11:22:46+00,
116,Software Engineer,https://jobs.ashbyhq.com/mirage/203b7270-d65c-4cbe-b790-bdcbcdce385b,,2025-11-11 00:00:00+00,,2025-11-11 11:22:46+00,2025-11-11 11:22:46+00,
117,Solution Engineer,https://monday.com/careers/23.637,,,,2025-11-11 11:22:46+00,2025-11-11 11:24:50+00,
118,Associate Lead Software Engineer,https://job-boards.greenhouse.io/rockstargames/jobs/7491702003,N,,,2025-11-11 11:22:46+00,2025-11-11 11:25:13+00,
119,Application Developer Analyst 1-5,https://careers.mta.org/jobs/16890214-application-developer-analyst-1-5-java-tcu,N,,,2025-11-11 11:22:46+00,2025-11-11 11:25:22+00,
120,Software Developer,https://hiring.cafe/viewjob/9zzkju7jdrhbaf6h,,,,2025-11-11 11:22:46+00,2025-11-11 11:25:31+00,
121,Software Engineer,https://jobs.lever.co/RadicalAI/2885cd8e-f208-4bbc-86c2-d7b4d890fba0,,2025-11-05 00:00:00+00,not disclosed,2025-11-11 11:22:46+00,2025-11-11 17:35:45+00,
122,Software Engineer,https://jobs.ashbyhq.com/workmatelabs/51a523a0-a2d1-425d-8367-e7e07255ba25,,,,2025-11-11 11:22:46+00,2025-11-11 11:22:46+00,
123,"Senior Software Engineer, Backend",https://job-boards.greenhouse.io/paveakatroveinformationtechnologies/jobs/4625023005,,,,2025-11-11 11:22:46+00,2025-11-11 11:22:46+00,
124,Senior Backend Engineer,https://apply.workable.com/mlabs/j/CDBDA34508/,,,,2025-11-11 11:22:46+00,2025-11-11 11:22:46+00,
125,Senior Software Engineer - Backend,https://jobs.ashbyhq.com/parker/bebf55d0-79a0-4a01-8d4d-0d264fd0caed,,,,2025-11-11 11:22:46+00,2025-11-11 11:22:46+00,
126,Software Engineer - AI,https://jobs.ashbyhq.com/unify/704a93f1-74a6-482f-acd7-f0d226d83055,,,,2025-11-11 11:22:46+00,2025-11-11 11:22:46+00,
127,Senior Software Engineer,https://jobs.lever.co/findigs/3b39616d-223f-4326-a500-f804c3e18dcf,,,,2025-11-11 11:22:46+00,2025-11-11 11:22:46+00,
128,Lead Software Engineer,https://www.didero.ai/careers?ashby_jid=7b892898-c809-440e-901b-27cafb060f00,,,,2025-11-11 11:22:46+00,2025-11-11 11:22:46+00,
129,Full Stack Engineer,https://apply.workable.com/onmed/j/EA5E475685/,,,,2025-11-11 11:22:46+00,2025-11-11 11:22:46+00,
130,Staff Backend Enginer,https://www.lifeatspotify.com/jobs/staff-backend-engineer-home-foundations-personalization,,,,2025-11-11 11:22:46+00,2025-11-11 11:22:46+00,
131,"Staff Full Stack Engineer, Console",https://job-boards.greenhouse.io/materialize/jobs/5693572004,,,,2025-11-11 11:22:46+00,2025-11-11 11:22:46+00,
132,Support Engineer,https://jobs.ashbyhq.com/cassidy/83dd49cc-f346-48de-b5e9-902631182a11,,,,2025-11-11 11:22:46+00,2025-11-11 11:22:46+00,
133,"Senior Software Engineer, Appointment Management",https://hiring.cafe/viewjob/8jxsvy5b2fq717sq,,,,2025-11-11 11:22:46+00,2025-11-11 11:22:46+00,
134,Senior Software Engineer,https://job-boards.greenhouse.io/elitetechnology/jobs/4971130008,,,,2025-11-11 11:22:46+00,2025-11-11 11:22:46+00,
135,Azure Data Engineer,https://hiring.cafe/viewjob/8a9h7yehvu5zv7lz,,,,2025-11-11 11:22:46+00,2025-11-11 11:22:46+00,
136,"Cloud Engineer, Cloud & Infrastructure",https://www.westmonroe.com/careers/job-details-experienced-professionals?gh_jid=5692754004,,,,2025-11-11 11:22:46+00,2025-11-11 11:22:46+00,
137,"Technical Program Manager, Consumer Data",https://job-boards.greenhouse.io/theweathercompany/jobs/4962180007,,,,2025-11-11 11:22:46+00,2025-11-11 11:22:46+00,
138,Fullstack Software Engineer,https://jobs.ashbyhq.com/permitflow/b3505afd-5cf1-4a2e-b875-1775ce346919?departmentId=d33195eb-8978-4439-abc6-5a8a072de808,,,,2025-11-11 11:22:46+00,2025-11-11 11:22:46+00,
139,Staff Fullstack Engineer,https://stripe.com/jobs/listing/staff-fullstack-engineer-privy/7091959?utm_source=Tech%3ANYC+job+board&utm_medium=getro.com&gh_src=Tech%3ANYC+job+board,,,,2025-11-11 11:22:46+00,2025-11-11 11:22:46+00,
140,"Senior Software Engineer, Deployments",https://www.mongodb.com/careers/jobs/7364854,,,,2025-11-11 11:22:46+00,2025-11-11 11:22:46+00,
141,Backend Engineer Procure to Pay,https://jobs.ashbyhq.com/ramp/2a4968ae-220c-471b-b890-a011de570bbb?utm_source=Tech%3ANYC+job+board&utm_medium=getro.com&gh_src=Tech%3ANYC+job+board,,,,2025-11-11 11:22:46+00,2025-11-11 11:22:46+00,
142,"Backend Engineer, Reddit Pro for Publishers",https://job-boards.greenhouse.io/reddit/jobs/7371086,,,,2025-11-11 11:22:46+00,2025-11-11 11:22:46+00,
143,"Senior Software Engineer, AI",https://app.careerpuck.com/job-board/lyft/job/8221138002?gh_jid=8221138002,,,,2025-11-11 11:22:46+00,2025-11-11 11:22:46+00,
144,Lead Software Engineer,https://eppr.fa.us2.oraclecloud.com/hcmUI/CandidateExperience/en/sites/CX_2/my-profile/preview/168930,,,,2025-11-11 11:22:46+00,2025-11-11 11:22:46+00,
145,"Staff Software Engineer, AI",https://octane.co/o/who-we-are/careers/jobs-open/?gh_jid=7416486003,,,,2025-11-11 11:22:46+00,2025-11-11 11:22:46+00,
146,Solutions Consultant,https://apply.workable.com/rokt/j/59744FEFFA/,,,,2025-11-11 11:22:46+00,2025-11-11 11:22:46+00,
147,Founding Engineer,,,,,2025-11-11 11:22:46+00,2025-11-11 11:22:46+00,
148,Staff Software Engineer,,,,,2025-11-11 11:22:46+00,2025-11-11 11:22:46+00,
149,Senior Full Stack Egnineer`,,,,,2025-11-11 11:22:46+00,2025-11-11 11:22:46+00,
150,Data Engineer,https://www.idealist.org/en/nonprofit-job/16ad2d35b130426b94a5f09a56340f41-data-engineer-pro-bono-net-new-york#apply,,,,2025-11-11 11:22:46+00,2025-11-11 11:22:46+00,
151,Web Engineer,,,,,2025-11-11 11:22:46+00,2025-11-11 11:22:46+00,
152,Project Based Computer Programmer,,,,,2025-11-11 11:22:46+00,2025-11-11 11:22:46+00,
153,Product Development Specialist,,,,,2025-11-11 11:22:46+00,2025-11-11 11:22:46+00,
154,Solutions Architect,,,,,2025-11-11 11:22:46+00,2025-11-11 11:22:46+00,
155,Python Engineer,,,,,2025-11-11 11:22:46+00,2025-11-11 11:22:46+00,
156,Senior Software Engineer,,,,,2025-11-11 11:22:46+00,2025-11-11 11:22:46+00,
157,Senior Software Engineer,https://job-boards.greenhouse.io/braze/jobs/7365359,,,,2025-11-11 11:22:46+00,2025-11-11 11:22:46+00,
158,Software Architect - Education IT & Analytics,https://jobs.silkroad.com/NYULangone/NYULHCareers/jobs/114034/?source=Indeed.com,,,,2025-11-11 11:22:46+00,2025-11-11 11:24:31+00,
159,Full Stack Engineer,https://app.trinethire.com/companies/381666-polimorphic/jobs/105062-full-stack-engineer,,,,2025-11-11 11:22:46+00,2025-11-11 11:25:49+00,
161,Senior Full Stack Software Engineer,https://adobe.wd5.myworkdayjobs.com/external_experienced/job/San-Jose/Senior-Full-Stack-Software-Engineer---Web-Applications_R162000,,2025-10-30 00:00:00+00,,2025-11-11 11:22:46+00,2025-11-11 17:40:17+00,
162,Lead Software Engineer,https://careers.mastercard.com/us/en/job/MASRUSR262392EXTERNALENUS/Lead-Software-Engineer?utm_source=Appcast_IndeedOrganic&utm_medium=phenom-feeds&_ccid=1759263775191oiz3fsss4&utm_source=Indeed&utm_medium=organic&utm_campaign=Indeed&ittk=CTGGR1ZQYT,,,,2025-11-11 11:22:46+00,2025-11-11 11:25:38+00,
163,Senior Javascript Software Engineer,https://www.kargo.com/careers?gh_jid=4621786007,,,,2025-11-11 11:22:46+00,2025-11-11 11:25:44+00,
164,Solutions Engineer,https://job-boards.greenhouse.io/evolutioniq/jobs/5685993004,,,,2025-11-11 11:22:46+00,2025-11-11 17:36:40+00,
165,Software Engineer (Payments),https://jobs.ashbyhq.com/substack/3033346a-5126-47d4-8f66-d89c996efc61,,2025-11-03 00:00:00+00,,2025-11-11 11:22:46+00,2025-11-11 17:36:54+00,
166,"Senior Software Engineer, Core Identity (Auth0)",https://www.okta.com/company/careers/engineering/senior-software-engineer-core-identity-auth0-7229375/,,2025-11-05 00:00:00+00,142-214K,2025-11-11 19:25:09+00,2025-11-11 19:25:09+00,
167,"Software Engineer, Data & Integrations",https://job-boards.greenhouse.io/sage49/jobs/5453231004,,2025-11-11 00:00:00+00,$160-190k,2025-11-11 19:30:34+00,2025-11-11 19:30:34+00,
168,"Senior Software Engineer, Web Fullstack",https://jobs.ashbyhq.com/firsthand/4fc07b55-33c6-40e9-8c91-bbd5bd479f2e,,2025-11-11 00:00:00+00,150-190K,2025-11-11 19:37:33+00,2025-11-11 19:37:33+00,
170,"Software Engineer, Product Infrastructure",https://jobs.ashbyhq.com/notion/d41b635b-c17b-4efd-89fd-fdb2ddb62e9a,DEI heavy,2025-11-11 00:00:00+00,209-240K,2025-11-11 19:53:48+00,2025-11-11 19:53:48+00,
171,Principal Software Engineer - Product/AI,https://jobs.ashbyhq.com/titan/0e65d04d-c32d-442d-9b99-d41e2611e359,,2025-11-11 00:00:00+00,,2025-11-11 20:02:29+00,2025-11-11 20:02:29+00,
172,Fullstack Engineer,https://jobs.ashbyhq.com/pear/1bf7fd8a-a787-4325-8b65-7dcf5dc159e4,,2025-11-11 00:00:00+00,120-155K,2025-11-11 20:09:56+00,2025-11-11 20:09:56+00,
174,Senior Fullstack Engineer,https://jobs.ashbyhq.com/vendelux/39c512c2-75b9-44a4-ba54-3156d44a593e,,2025-11-11 00:00:00+00,100-200K,2025-11-11 20:26:47+00,2025-11-11 20:26:47+00,
175,Senior Software Engineer (Full Stack),https://jobs.ashbyhq.com/eliseai/bd740e67-b145-46f0-b1f0-0a13610365dc,,2025-11-11 00:00:00+00,230-270K,2025-11-11 21:27:03+00,2025-11-11 21:27:03+00,
176,Software Engineer,https://jobs.ashbyhq.com/Normal%20Computing%20AI/6228a7ca-2a62-47ce-99dd-08bed646db94,,2025-11-11 00:00:00+00,150-250K,2025-11-11 22:22:38+00,2025-11-11 22:22:38+00,
177,Software Engineer Fullstack,https://jobs.lever.co/nominal/c6f158d0-ef1d-484f-81cb-b5d29c34270e,,2025-11-11 00:00:00+00,130-230K,2025-11-11 22:33:44+00,2025-11-11 22:33:44+00,
178,Backend Software Engineer,https://jobs.techtree.dev/job/b9226df7-3830-466c-89ef-d14fc77ad551,,2025-11-11 00:00:00+00,150-250K,2025-11-11 23:12:09+00,2025-11-11 23:12:09+00,
179,Senior Software Engineer,https://jobs.ashbyhq.com/valon/6052f210-29f1-4ef4-93cc-48029969eaf7,,2025-11-11 00:00:00+00,180-230K,2025-11-12 00:32:26+00,2025-11-12 00:32:26+00,
180,"Software Engineer, Integrations",https://jobs.ashbyhq.com/claylabs/263fa713-5d67-4acf-8dd3-65ebc00bd6e6?utm_source=remotive.com&ref=remotive.com,,2025-11-11 00:00:00+00,,2025-11-12 00:43:44+00,2025-11-12 00:43:44+00,
181,Senior Software Engineer,https://job-boards.greenhouse.io/altanaai/jobs/7491156003?gh_src=13ef1a8f3us,,2025-11-11 00:00:00+00,,2025-11-12 00:57:11+00,2025-11-12 00:57:11+00,
182,Senior AI Software Engineer,https://www.builtinnyc.com/job/senior-ai-software-engineer-t-rowe-labs-baltimore-md-or-nyc/7659558,Workday app,2025-11-11 00:00:00+00,148-253K,2025-11-12 02:10:44+00,2025-11-12 02:10:44+00,
183,Technical Product Manager / Solutions Engineer - Enterprise Integrations,https://job-boards.greenhouse.io/accrue/jobs/4941447008,,2025-11-11 00:00:00+00,180-220,2025-11-12 04:04:13+00,2025-11-12 04:04:13+00,
184,Software Engineer,https://jobs.ashbyhq.com/auctor/45cd780b-30bd-4887-b1e8-0b4858aa8e63,,2025-11-11 00:00:00+00,175-290,2025-11-12 04:08:39+00,2025-11-12 04:08:39+00,
185,Senior Technical Consultant,https://job-boards.greenhouse.io/ridgeline/jobs/7523160003?gh_jid=7523160003,,2025-11-11 00:00:00+00,141-168K,2025-11-12 04:11:26+00,2025-11-12 04:11:26+00,
186,"Software Engineer, Platform (Senior/Staff)",https://jobs.ashbyhq.com/norm-ai/7447df01-aad9-4827-8a25-e43d194e9c53?utm_source=7ow8wN5o3g,,2025-11-11 00:00:00+00,,2025-11-12 04:45:34+00,2025-11-12 04:45:34+00,
187,Senior Full-Stack Engineer,https://current.com/careers/open-positions/?id=7305170&gh_jid=7305170,,2025-11-11 00:00:00+00,150-240K,2025-11-12 04:49:18+00,2025-11-12 04:49:46+00,
188,Senior Software Engineer,https://hatz.ai/en/job-post-senior-engineer,,2025-11-13 00:00:00+00,,2025-11-13 16:00:39+00,2025-11-13 16:00:57+00,
189,"Software Engineer, Workflows",https://job-boards.greenhouse.io/retool/jobs/4559232005,,2025-11-13 00:00:00+00,"$164,600 - $255,000",2025-11-13 21:13:12+00,2025-11-13 21:13:12+00,
190,Senior Software Engineer (Fullstack),https://jobs.ashbyhq.com/adaptive/c1a19602-303e-4eb3-8aa6-a40cbc1009da,,2025-11-13 00:00:00+00,$200-250K,2025-11-14 02:07:34+00,2025-11-14 02:26:31+00,
191,Senior Backend Software Engineer,https://job-boards.greenhouse.io/cardflight/jobs/8139427002,,2025-11-13 00:00:00+00,$150-180K,2025-11-14 02:26:18+00,2025-11-14 02:26:43+00,
192,Senior / Staff Product Engineer,https://jobs.ashbyhq.com/knot/4b0383ee-3b3f-47b9-ab65-a8b730e9b1b2,,2025-11-13 00:00:00+00,,2025-11-14 02:37:49+00,2025-11-14 02:37:49+00,
193,Software Engineer,https://jobs.ashbyhq.com/middesk/e1c6af86-dce1-495f-a710-ad369fd1308c,,2025-11-13 00:00:00+00,$148-230K,2025-11-14 02:40:31+00,2025-11-14 02:40:31+00,
194,Software Engineer,https://plaid.com/careers/openings/engineering/new-york/software-engineer/,,2025-11-13 00:00:00+00,"$148,800-$223,200",2025-11-14 19:09:16+00,2025-11-14 19:09:16+00,
195,Software Engineer,https://job-boards.greenhouse.io/applytogreenspark/jobs/4169702004,,2025-11-13 00:00:00+00,,2025-11-14 19:22:03+00,2025-11-14 19:22:03+00,
196,Senior Software Engineer II - Rockerbox,https://doubleverify.com/careers/job?id=8060826002,,2025-11-13 00:00:00+00,"$107,000 - $193,000",2025-11-15 19:36:38+00,2025-11-15 19:36:38+00,
197,Senior Full-Stack Engineer,https://job-boards.greenhouse.io/mercury/jobs/5493086004,,2025-11-15 00:00:00+00,"$166,600 - $208,300",2025-11-16 02:22:22+00,2025-11-16 02:22:43+00,
47,Senior Software Engineer,,Interviewed first round with Saudi HBS MBA,,,2025-11-11 11:22:46+00,2025-11-16 18:46:21.291308+00,
169,"Senior Software Engineer Backend, R&D",https://www.walkme.com/jobs/senior-software-engineer-backend/,,2025-11-11 00:00:00+00,"$90,000-$125,000",2025-11-11 19:44:16+00,2025-11-17 23:01:15.770872+00,
160,Senior Backend Engineer (Digital Payments),https://uphold.bamboohr.com/careers/748,Completed interview and take home coding assignment,,,2025-11-11 11:22:46+00,2025-11-18 00:36:56.148172+00,
198,Senior Backend Engineer - Product,https://job-boards.greenhouse.io/mercury/jobs/5520964004,,2025-11-15 00:00:00+00,"$166,600 - $208,300",2025-11-16 02:26:28+00,2025-11-16 20:27:28.099972+00,
223,Senior/Staff Software Engineer,https://job-boards.greenhouse.io/amaehealth/jobs/4057168009,,2025-11-15 00:00:00+00,"$175,000 to $220,000",2025-11-17 22:55:03.608431+00,2025-11-17 22:55:03.608431+00,
200,"Backend Engineer, Link",https://stripe.com/jobs/listing/backend-engineer-link/6163230,,2025-11-15 00:00:00+00,"$155,700 - $281,300",2025-11-17 01:59:19.006757+00,2025-11-17 01:59:19.006757+00,
201,"Full Stack Engineer, Managed Operations",https://stripe.com/jobs/listing/full-stack-engineer-managed-operations/7271571,,2025-11-15 00:00:00+00,"$187,500 - $281,300",2025-11-17 02:03:15.414025+00,2025-11-17 02:03:15.414025+00,
203,Software Engineer,https://jobs.ashbyhq.com/suno/a002507d-e0e7-4cfd-83c0-d6f3cc5824a1,"AI music software (sorry)

Why Suno?
I am a musician and electronic music producer and I studied music at the University of Michigan prior to working in tech. The opportunity to work at the intersection of music and AI is professionally and personally meaningful to me.",2025-11-15 00:00:00+00,130-180,2025-11-17 02:46:13.818154+00,2025-11-17 03:01:57.605324+00,
202,Senior Fullstack Engineer,https://job-boards.greenhouse.io/tatari/jobs/8168658002,,2025-11-15 00:00:00+00,"$175,000 - $210,000",2025-11-17 02:30:36.461694+00,2025-11-17 03:03:48.171238+00,
205,"Senior Software Engineer, Backend",https://jobs.ashbyhq.com/bubble/242caaf7-dad8-4ffe-83f0-666972e5a031,"Briefly, tell us why you're interested in this role.
I have over five years of experience in API integration building scalable cloud native applications, which Bubble emphasizes for empowering developers and accelerating app creation. I am particularly drawn to Bubble’s mission of democratizing software development, which fits my experience mentoring teams and designing tools that make complex systems more accessible.",2025-11-15 00:00:00+00,165-205K,2025-11-17 03:52:51.748074+00,2025-11-17 03:52:51.748074+00,
206,Senior Product Engineer,https://jobs.ashbyhq.com/Kombo/221b2f22-ead1-48e1-b0ca-9a7c6110d1a4,,2025-11-15 00:00:00+00,No comp posted,2025-11-17 03:53:46.917156+00,2025-11-17 03:53:46.917156+00,
207,Member of Technical Staff - Software Engineer,https://jobs.ashbyhq.com/reflectionai/5fa84d35-6e2c-409c-b2fe-6bc211a94091/application,,2025-11-15 00:00:00+00,not posted,2025-11-17 04:10:39.125204+00,2025-11-17 04:10:39.125204+00,
208,Sr. Software Engineer,https://jobs.ashbyhq.com/keru-ai/586b510a-b322-4610-a9cb-f8054e43a33e,,2025-11-15 00:00:00+00,170-250,2025-11-17 04:18:08.616317+00,2025-11-17 04:18:08.616317+00,
209,Senior Software Engineer,https://job-boards.greenhouse.io/akidolabs/jobs/4605914006,"Remote
How many years of Javascript experience do you have? 7",2025-11-15 00:00:00+00,150-200,2025-11-17 04:46:43.06239+00,2025-11-17 04:46:43.06239+00,
210,Senior Fullstack Engineer,https://allwhere.applytojob.com/apply/xiorGy28Z1/Senior-Full-Stack-Engineer?source=Our%20Career%20Page%20Widget,Found on Indeed,2025-11-15 00:00:00+00,175,2025-11-17 05:09:59.639587+00,2025-11-17 05:09:59.639587+00,
211,Software Engineer (Mid & Senior Levels),https://jobs.ashbyhq.com/firststreet/31bf1806-ff69-471e-b260-e2babaf4bafe,,2025-11-15 00:00:00+00,100-180,2025-11-17 05:31:03.554387+00,2025-11-17 05:31:03.554387+00,
212,Senior Software Engineer,https://jobs.lever.co/narmi/afeaa311-cc21-445f-897d-5505b36608ab,,2025-11-15 00:00:00+00,169-208,2025-11-17 06:21:32.006109+00,2025-11-17 06:21:38.992319+00,
213,Senior Software Engineer,,"Briefly describe why you want to work at Axio and/or what makes you a great fit for this role.
I am drawn to Axio because of its focus on cybersecurity resilience and quantitative risk management—areas that align closely with my experience building secure, data-driven systems. I have architected scalable, SOC2‑ready platforms and integrated complex APIs for enterprise clients. I bring a combination of technical depth, security‑minded development, and a track record of shipping reliable solutions that would translate directly to Axio’s mission.",2025-11-15 00:00:00+00,110-180K,2025-11-17 06:28:14.202595+00,2025-11-17 06:28:14.202595+00,
214,"Senior Software Engineer, Backend",https://www.siro.ai/careers#open-roles,,2025-11-15 00:00:00+00,240,2025-11-17 19:12:47.293035+00,2025-11-17 19:12:47.293035+00,
215,Senior Software Engineer,https://www.dealpath.com/job-post/?gh_jid=6493571,,2025-11-15 00:00:00+00,130-250,2025-11-17 19:33:54.067654+00,2025-11-17 19:33:54.067654+00,
216,"Backend Engineer, Growth and Data",https://job-boards.greenhouse.io/hebbia/jobs/4584761005,,2025-11-15 00:00:00+00,160-300,2025-11-17 20:47:51.313232+00,2025-11-17 20:47:51.313232+00,
217,Senior Software Engineer,https://job-boards.greenhouse.io/peregrinetechnologies/jobs/4580136005,,2025-11-15 00:00:00+00,"$130,000 - $250,000",2025-11-17 21:06:17.04902+00,2025-11-17 21:06:17.04902+00,
218,Founding Engineer,https://jobs.ashbyhq.com/thera/4723563e-ffd3-427f-8077-014eedf33dcf,You can read more about our cultural principles here: https://www.getthera.com/principles,2025-11-15 00:00:00+00,not posted,2025-11-17 21:15:50.37693+00,2025-11-17 21:15:50.37693+00,
219,Sr. Software Engineer,https://fairsquare.breezy.hr/p/4c014da0da12-sr-software-engineer,requested 180k,2025-11-15 00:00:00+00,130-180,2025-11-17 22:27:54.808311+00,2025-11-17 22:27:54.808311+00,
220,Senior/Staff Full-Stack Engineer,https://jobs.ashbyhq.com/cohere/4b000aff-7c0f-45a0-b67d-cf0cb2ea16a6,"Please share any experience you have building production applications with AI. (Please note, our technical managers review these answers as a part of the screening process.)
I architected an AI-native CRM using LangChain, LangGraph, OpenAI Agents SDK, and retrieval-augmented generation (RAG). I developed multi‑modal LLM agents for browser automation and built TuneCrook, a music discovery tool integrating Discogs and YouTube that uses AI as a curatorial assistant. I also implemented observability tracing for these AI workflows to ensure performance and reliability in production.",2025-11-15 00:00:00+00,not posted,2025-11-17 22:45:05.303379+00,2025-11-17 22:45:05.303379+00,
221,Fullstack Engineer,https://jobs.ashbyhq.com/darkroom/ff954671-b69f-4c13-a1de-9818b12fa9ad,"Remote; Requested 15,000USD/month",2025-11-15 00:00:00+00,not posted,2025-11-17 22:50:57.568112+00,2025-11-17 22:50:57.568112+00,
222,Associate Software Engineer,https://job-boards.greenhouse.io/amaehealth/jobs/4050820009,,2025-11-15 00:00:00+00,"$115,000 to $155,000",2025-11-17 22:53:48.589064+00,2025-11-17 22:53:48.589064+00,
225,SWE Fullstack,https://jobs.ashbyhq.com/Profound/9b429dfb-bb80-4bd6-b996-e5dd3a96908e,,2025-11-15 00:00:00+00,160-250,2025-11-17 23:10:45.80284+00,2025-11-17 23:10:45.80284+00,
226,SWE Backend,https://jobs.ashbyhq.com/Profound/043bb5b3-3f78-45d8-a115-fb10f4ed3b09,,2025-11-15 00:00:00+00,160-250,2025-11-17 23:11:43.429179+00,2025-11-17 23:11:43.429179+00,
227,Senior Software Engineer (Full Stack),https://jobs.ashbyhq.com/counsel/8b3e3f72-da1b-46b1-9730-325ca0c2384b,,2025-11-15 00:00:00+00,160-225,2025-11-17 23:48:20.260661+00,2025-11-17 23:48:20.260661+00,
224,Founding AI Engineer,https://jobs.ashbyhq.com/softlight/64f6473a-4075-4784-aeb4-1af6740560bd,Passed after being asked to do free labor prior to speaking to anyone,2025-11-15 00:00:00+00,not posted,2025-11-17 23:06:48.067016+00,2025-11-25 04:21:34.263035+00,
229,Senior Backend Engineer (NYC),https://jobs.ashbyhq.com/copilot-money/c1ed7882-1b4d-475d-b967-175fe6b260eb,,2025-11-15 00:00:00+00,"$165,000 - $195,000",2025-11-18 00:18:16.8029+00,2025-11-18 00:18:16.8029+00,
37,Senior Software Engineer,https://shelfcycle.com/careers/senior-software-engineer,Completed tech interview,,,2025-11-11 11:22:46+00,2025-11-25 04:20:36.404475+00,
228,Software Engineer - Product,https://jobs.ashbyhq.com/magic.dev/e6bfccff-afd4-464b-a434-b5d22002d8e1,"https://magic.dev/careers/e6bfccff-afd4-464b-a434-b5d22002d8e1
-passed after being asked to complete take home",2025-11-15 00:00:00+00,225-550,2025-11-18 00:01:29.664858+00,2025-11-25 04:21:04.387677+00,
230,"Software Engineer, AI Products",https://job-boards.greenhouse.io/heraldapi/jobs/4976239008,Digital Infrastructure for commercial insurance.,2025-11-15 00:00:00+00,140-200,2025-11-25 05:00:28.211524+00,2025-11-25 05:00:28.211524+00,
105,Integrations Engineer,https://www.hicapitalize.com/careers/opportunity/?gh_jid=5669079004,Completed 2 rounds and technical,0025-10-30 00:00:00+00,,2025-11-11 11:22:46+00,2025-11-27 00:21:30.762762+00,
231,AI Engineering Lead,https://careers-zs.icims.com/jobs/23441/ai-engineering-lead/job?mode=submit_apply,"login username: whubenschmidt
https://www.builtinnyc.com/job/engineering-lead/6942993",2025-11-15 00:00:00+00,180-195,2025-11-30 04:06:06.073443+00,2025-11-30 04:06:06.073443+00,
232,"Senior Software Engineer, Applied AI",https://jobs.ashbyhq.com/astronomer/64d2ea10-2768-4159-8112-c6637c8e3662,,2025-11-15 00:00:00+00,180-210,2025-11-30 04:19:51.557831+00,2025-11-30 04:19:51.557831+00,
233,Engineering Manage,https://us-2.fountain.com/apply/capsule/opening/engineering-manager-ft-ny-remote?utm_source=indeed,,2025-11-15 00:00:00+00," $200,000 - $225,000",2025-11-30 04:27:27.322932+00,2025-11-30 04:27:27.322932+00,
234,Full Stack Software Engineer III,https://job-boards.greenhouse.io/cbinsights/jobs/7395062,,2025-11-15 01:06:26+00,,2025-12-02 01:06:26.500253+00,2025-12-02 01:06:26.500253+00,2
236,Senior Software Engineer,https://jobs.ashbyhq.com/madhive/f93828fe-41fe-409e-af45-e46402b51af4/application,,2025-11-15 01:17:37+00,,2025-12-02 01:17:37.352859+00,2025-12-02 01:17:37.352859+00,5
237,Senior Engineer,"",,2025-11-15 01:22:15+00,,2025-12-02 01:22:16.209373+00,2025-12-02 01:22:16.209373+00,3
238,"Senior Software Engineer, Experience Platform Team",https://jobs.ashbyhq.com/pinecone/eca8f469-b8e5-48e7-b999-aaa5b846cbbc,,2025-11-15 01:47:06+00,,2025-12-02 01:47:07.085477+00,2025-12-02 01:47:07.085477+00,4
239,"Senior Software Engineer, Client Engagement",https://job-boards.greenhouse.io/growtherapy/jobs/4630216005,,2025-11-15 01:49:13+00,,2025-12-02 01:49:14.136481+00,2025-12-02 01:49:14.136481+00,6
240,"Senior Software Engineer, Payments",https://jobs.ashbyhq.com/atob/523e5c4e-4c2d-495c-a50a-3535652158c9,,2025-11-15 02:22:26+00,,2025-12-02 02:22:26.401944+00,2025-12-02 02:22:26.401944+00,4
241,Technical Lead,https://jobs.lever.co/ro/f8713974-784a-41a2-8f92-a8d2f40274f2,,2025-11-15 03:15:24+00,,2025-12-02 03:15:24.743314+00,2025-12-02 03:15:24.743314+00,8
242,Senior Software Engineer - Fullstack,https://jobs.ashbyhq.com/woflow/8efc7c47-3f43-4b6b-8554-f258ba5fc764,,2025-11-15 03:20:37+00,,2025-12-02 03:20:37.361978+00,2025-12-02 03:20:37.361978+00,
243,Senior Software Engineer,https://jobs.ashbyhq.com/candidhealth/ceb9a3bb-e36a-4a37-bf5f-ca7dc5fe9c8f,,2025-11-15 03:39:59+00,,2025-12-02 03:39:59.638387+00,2025-12-02 03:39:59.638387+00,6
244,Member of the Technical Staff — Full Stack,https://jobs.ashbyhq.com/stuut-ai/37cad4ea-2387-4c66-8dce-173109349ab9,,2025-11-15 03:49:32+00,,2025-12-02 03:49:32.56331+00,2025-12-02 03:49:32.56331+00,
245,FullStack Engineer,https://jobs.ashbyhq.com/oboe/e795dbd6-6cf2-4177-a363-d298d2c8cbd3,,2025-11-15 05:15:53+00,,2025-12-02 05:15:53.972155+00,2025-12-02 05:15:53.972155+00,6
